///////////////////////////////////////////////////////////////////////////////////////////
// models are included in a full path from the 'models' folder.
// it is REQUIRED to run 'quickprecache.bat' after editing this script.
// if you recieve the error "Unsupported major.minor version", you need a newer version of java
// ( there is an open invitation for anyone to write a non-java app ( or just jpackage it, im too lazy for that ) )
///////////////////////////////////////////////////////////////////////////////////////////
// EXAMPLES BELOW VVVVV
// weapons/c_models/c_grenadelauncher/c_grenadelauncher.mdl
// weapons/c_models/c_scout_animations.mdl
// player/scout.mdl
///////////////////////////////////////////////////////////////////////////////////////////
//PLAYERS
player/demo.mdl
player/demo_animations.mdl
player/demo_animations2.mdl
player/demo_user_animations.mdl
player/engineer.mdl
player/engineer_animations.mdl
player/engineer_animations2.mdl
player/engineer_user_animations.mdl
player/heavy.mdl
player/heavy_animations.mdl
player/heavy_animations2.mdl
player/heavy_user_animations.mdl
player/medic.mdl
player/medic_animations.mdl
player/medic_animations2.mdl
player/medic_user_animations.mdl
player/pyro.mdl
player/pyro_animations.mdl
player/pyro_animations2.mdl
player/pyro_user_animations.mdl
player/scout.mdl
player/scout_animations.mdl
player/scout_animations2.mdl
player/scout_user_animations.mdl
player/sniper.mdl
player/sniper_animations.mdl
player/sniper_animations2.mdl
player/sniper_user_animations.mdl
player/soldier.mdl
player/soldier_animations.mdl
player/soldier_animations2.mdl
player/soldier_user_animations.mdl
player/spy.mdl
player/spy_animations.mdl
player/spy_animations2.mdl
player/spy_user_animations.mdl
//ARMS
weapons/c_models/c_demo_arms.mdl
weapons/c_models/c_engineer_arms.mdl
weapons/c_models/c_heavy_arms.mdl
weapons/c_models/c_medic_arms.mdl
weapons/c_models/c_pyro_arms.mdl
weapons/c_models/c_scout_arms.mdl
weapons/c_models/c_sniper_arms.mdl
weapons/c_models/c_soldier_arms.mdl
weapons/c_models/c_spy_arms.mdl
//VIEWMODEL ANIMATIONS
weapons/c_models/c_demo_animations.mdl
weapons/c_models/c_engineer_animations.mdl
weapons/c_models/c_fist_inspect.mdl
weapons/c_models/c_fist_inspect_evictionnotice.mdl
weapons/c_models/c_fists_animations.mdl
weapons/c_models/c_heavy_animations.mdl
weapons/c_models/c_minigun_animations.mdl
weapons/c_models/c_minigun_inspect_animations.mdl
weapons/c_models/c_pyro_animations.mdl
weapons/c_models/c_medic_animations.mdl
weapons/c_models/c_scout_animations.mdl
weapons/c_models/c_sniper_animations.mdl
weapons/c_models/c_soldier_animations.mdl
weapons/c_models/c_spy_animations.mdl
//ZOMBIES
player/items/demo/demo_zombie.mdl
player/items/engineer/engineer_zombie.mdl
player/items/heavy/heavy_zombie.mdl
player/items/medic/medic_zombie.mdl
player/items/pyro/pyro_zombie.mdl
player/items/scout/scout_zombie.mdl
player/items/sniper/sniper_zombie.mdl
player/items/soldier/soldier_zombie.mdl
player/items/spy/spy_zombie.mdl
//ROBOTS
bots/demo/bot_demo.mdl
bots/demo/bot_demo_animations.mdl
bots/demo/bot_demo_caber_taunt_fix.mdl
bots/demo/bot_sentry_buster.mdl
bots/demo_boss/bot_demo_boss.mdl
bots/demo_boss/bot_demo_boss_animations.mdl
bots/engineer/bot_engineer.mdl
bots/engineer/bot_engineer_animations.mdl
bots/heavy/bot_heavy.mdl
bots/heavy/bot_heavy_animations.mdl
bots/heavy_boss/bot_heavy_boss.mdl
bots/heavy_boss/bot_heavy_boss_animations.mdl
bots/medic/bot_medic.mdl
bots/medic/bot_medic_animations.mdl
bots/medic/bot_medic_kritzkrieg_taunt_fix.mdl
bots/pyro/bot_pyro.mdl
bots/pyro/bot_pyro_animations.mdl
bots/pyro_boss/bot_pyro_boss.mdl
bots/pyro_boss/bot_pyro_boss_animations.mdl
bots/scout/bot_scout.mdl
bots/scout/bot_scout_animations.mdl
bots/scout_boss/bot_scout_boss.mdl
bots/scout_boss/bot_scout_boss_animations.mdl
bots/sniper/bot_sniper.mdl
bots/sniper/bot_sniper_animations.mdl
bots/soldier/bot_soldier.mdl
bots/soldier/bot_soldier_animations.mdl
bots/soldier_boss/bot_soldier_boss.mdl
bots/soldier_boss/bot_soldier_boss_animations.mdl
bots/spy/bot_spy.mdl
bots/spy/bot_spy_animations.mdl
//ACTION ITEMS
player/items/mvm_loot/all_class/mvm_flask_generic.mdl
player/items/mvm_loot/all_class/mvm_flask_krit.mdl
player/items/mvm_loot/all_class/mvm_flask_uber.mdl
player/items/mvm_loot/all_class/mvm_flask_tele.mdl
player/items/mvm_loot/all_class/mvm_flask_ammo.mdl
player/items/mvm_loot/all_class/mvm_flask_build.mdl
workshop/player/items/scout/kritz_or_treat_canteen/kritz_or_treat_canteen.mdl
workshop/player/items/scout/robo_all_mvm_canteen/robo_all_mvm_canteen.mdl
//GAMEPLAY OBJECTIVES (CARTS, FLAGS, POINTS)
passtime/ball/passtime_ball_halloween.mdl
passtime/ball/passtime_ball.mdl
props_trainyard/cart_bomb_separate.mdl
props_trainyard/cart_base_separate.mdl
props_trainyard/bomb_cart_red.mdl
props_trainyard/bomb_cart.mdl
custom/dirty_bomb_cart.mdl
flag/ticket_case.mdl
flag/briefcase.mdl
effects/cappoint_hologram.mdl
props_doomsday/cap_point_small.mdl
props_gameplay/cap_point_base.mdl
props_gameplay/resupply_locker.mdl
props_medieval/medieval_resupply.mdl
props_td/atom_bomb.mdl
props_trainyard/bomb_eotl_blue.mdl
props_trainyard/bomb_eotl_red.mdl
//PICKUPS
items/ammopack_large.mdl
items/ammopack_large_bday.mdl
items/ammopack_medium.mdl
items/ammopack_medium_bday.mdl
items/ammopack_small.mdl
items/ammopack_small_bday.mdl
items/currencypack_large.mdl
items/currencypack_medium.mdl
items/currencypack_small.mdl
items/medkit_large.mdl
items/medkit_large_bday.mdl
items/medkit_medium.mdl
items/medkit_medium_bday.mdl
items/medkit_small.mdl
items/medkit_small_bday.mdl
props_halloween/halloween_medkit_large.mdl
props_halloween/halloween_medkit_medium.mdl
props_halloween/halloween_medkit_small.mdl
props_halloween/hwn_spellbook_flying.mdl
props_halloween/hwn_spellbook_upright.mdl
props_halloween/hwn_spellbook_upright_major.mdl
//GAMEPLAY PROPS
props_halloween/pumpkin_loot.mdl
props_halloween/pumpkin_explode_teamcolor.mdl
props_gameplay/ball001.mdl
props_island/crocodile/crocodile.mdl
props_halloween/bombonomicon.mdl
props_lakeside_event/bomb_temp_hat.mdl
props_gameplay/tombstone_specialdelivery.mdl
props_gameplay/tombstone_crocostyle.mdl
props_gameplay/tombstone_tankbuster.mdl
props_gameplay/tombstone_gasjockey.mdl
props_halloween/halloween_demoeye.mdl
props_mvm/mvm_human_skull_collide.mdl
props_halloween/hwn_spell_boxing_glove.mdl
//NPCs (BOSSES, HALE, SKELETONS, ETC)
bots/headless_hatman.mdl
bots/headless_hatman_animations.mdl
bots/skeleton_sniper/skeleton_sniper.mdl
bots/skeleton_sniper/skeleton_sniper_animations.mdl
bots/merasmus/merasmus.mdl
bots/merasmus/merasmus_animations.mdl
props_halloween/ghost.mdl
props_halloween/ghost_no_hat.mdl
props_halloween/ghost_no_hat_red.mdl
props_halloween/gargoyle_ghost.mdl
player/saxton_hale.mdl
player/weapons/c_models/c_saxton_arms.mdl
//PROJECTILES (DARTS, ROCKETS, ETC)
weapons/w_models/w_rocket.mdl
weapons/w_models/w_rocket_airstrike/w_rocket_airstrike.mdl
weapons/w_models/w_drg_ball.mdl
weapons/c_models/c_xms_festive_ornament.mdl
weapons/w_models/w_baseball.mdl
weapons/v_models/v_baseball.mdl
weapons/w_models/w_stickybomb.mdl
weapons/w_models/w_stickybomb2.mdl
weapons/w_models/w_stickybomb_d.mdl
weapons/w_models/w_grenade_grenadelauncher.mdl
weapons/w_models/w_cannonball.mdl
workshop/weapons/c_models/c_kingmaker_sticky/w_kingmaker_stickybomb.mdl
workshop/weapons/c_models/c_quadball/w_quadball_grenade.mdl
weapons/c_models/c_dart.mdl
workshop/weapons/c_models/c_sydney_sleeper/c_sydney_sleeper_dart.mdl
weapons/w_models/w_arrow.mdl
weapons/w_models/w_repair_claw.mdl
weapons/w_models/w_arrow_xmas.mdl
workshop/weapons/c_models/c_crusaders_crossbow/c_crusaders_crossbow_xmas_proj.mdl
weapons/w_models/w_flaregun_shell.mdl
props_halloween/eyeball_projectile.mdl
weapons/c_models/c_grapple_proj/c_grapple_proj.mdl
weapons/w_models/w_syringe_proj.mdl
//SANDVICH PLATES
items/plate.mdl
workshop/weapons/c_models/c_buffalo_steak/plate_buffalo_steak.mdl
items/plate_robo_sandwich.mdl
items/plate_sandwich_xmas.mdl
workshop/weapons/c_models/c_chocolate/plate_chocolate.mdl
items/banana/plate_banana.mdl
workshop/weapons/c_models/c_fishcake/plate_fishcake.mdl
//STOCK WEAPONS
weapons/w_models/w_sapper.mdl
weapons/c_models/c_spy_watch.mdl
weapons/v_models/v_pda_spy.mdl
weapons/c_models/c_bat.mdl
weapons/w_models/w_toolbox.mdl
weapons/c_models/c_bottle/c_bottle.mdl
weapons/c_models/c_fireaxe_pyro/c_fireaxe_pyro.mdl
weapons/c_models/c_machete/c_machete.mdl
weapons/c_models/c_knife/c_knife.mdl
weapons/c_models/c_shovel/c_shovel.mdl
weapons/c_models/c_wrench/c_wrench.mdl
weapons/c_models/c_bonesaw/c_bonesaw.mdl
weapons/c_models/c_shotgun/c_shotgun.mdl
weapons/c_models/c_scattergun.mdl
weapons/c_models/c_sniperrifle/c_sniperrifle.mdl
weapons/c_models/c_minigun/c_minigun.mdl
weapons/c_models/c_smg/c_smg.mdl
weapons/c_models/c_syringegun/c_syringegun.mdl
weapons/c_models/c_rocketlauncher/c_rocketlauncher.mdl
weapons/c_models/c_grenadelauncher/c_grenadelauncher.mdl
weapons/c_models/c_stickybomb_launcher/c_stickybomb_launcher.mdl
weapons/c_models/c_flamethrower/c_flamethrower.mdl
weapons/c_models/c_flamethrower/c_flamethrower_pilotlight.mdl
weapons/c_models/c_pistol/c_pistol.mdl
weapons/c_models/c_revolver/c_revolver.mdl
weapons/c_models/c_builder/c_builder.mdl
weapons/c_models/c_pda_engineer/c_pda_engineer.mdl
weapons/w_models/w_cigarette_case.mdl
weapons/c_models/c_toolbox/c_toolbox.mdl
weapons/c_models/c_medigun/c_medigun.mdl
weapons/v_models/v_watch_spy.mdl
weapons/c_models/c_sapper/c_sapper.mdl
//BOTKILLERS
player/items/mvm_loot/demo/fob_e_stickybomb.mdl
player/items/mvm_loot/demo/fob_e_stickybomb_v.mdl
player/items/mvm_loot/demo/fob_h_stickybomb.mdl
player/items/mvm_loot/demo/fob_h_stickybomb_diamond.mdl
player/items/mvm_loot/demo/fob_h_stickybomb_diamond_v.mdl
player/items/mvm_loot/demo/fob_h_stickybomb_v.mdl
player/items/mvm_loot/engineer/fob_e_wrench.mdl
player/items/mvm_loot/engineer/fob_h_wrench.mdl
player/items/mvm_loot/engineer/fob_h_wrench_diamond.mdl
player/items/mvm_loot/heavy/fob_e_minigun.mdl
player/items/mvm_loot/heavy/fob_e_minigun_v.mdl
player/items/mvm_loot/heavy/fob_h_minigun.mdl
player/items/mvm_loot/heavy/fob_h_minigun_diamond.mdl
player/items/mvm_loot/heavy/fob_h_minigun_diamond_v.mdl
player/items/mvm_loot/heavy/fob_h_minigun_v.mdl
player/items/mvm_loot/medic/fob_e_medigun.mdl
player/items/mvm_loot/medic/fob_h_medigun.mdl
player/items/mvm_loot/medic/fob_h_medigun_diamond.mdl
player/items/mvm_loot/pyro/fob_e_flamethrower.mdl
player/items/mvm_loot/pyro/fob_e_flamethrower_v.mdl
player/items/mvm_loot/pyro/fob_h_flamethrower.mdl
player/items/mvm_loot/pyro/fob_h_flamethrower_diamond.mdl
player/items/mvm_loot/pyro/fob_h_flamethrower_diamond_v.mdl
player/items/mvm_loot/pyro/fob_h_flamethrower_v.mdl
player/items/mvm_loot/scout/fob_e_scattergun.mdl
player/items/mvm_loot/scout/fob_h_scattergun.mdl
player/items/mvm_loot/scout/fob_h_scattergun_diamond.mdl
player/items/mvm_loot/sniper/fob_e_sniperrifle.mdl
player/items/mvm_loot/sniper/fob_h_sniperrifle.mdl
player/items/mvm_loot/sniper/fob_h_sniperrifle_diamond.mdl
player/items/mvm_loot/soldier/fob_e_rocketlauncher.mdl
player/items/mvm_loot/soldier/fob_h_rocketlauncher.mdl
player/items/mvm_loot/soldier/fob_h_rocketlauncher_diamond.mdl
player/items/mvm_loot/spy/fob_e_knife.mdl
player/items/mvm_loot/spy/fob_e_knife_v.mdl
player/items/mvm_loot/spy/fob_h_knife.mdl
player/items/mvm_loot/spy/fob_h_knife_diamond.mdl
player/items/mvm_loot/spy/fob_h_knife_diamond_v.mdl
player/items/mvm_loot/spy/fob_h_knife_v.mdl
//SAPPER PLACEMENTS AND GIBS
buildables/breadmonster_sapper_placed.mdl
buildables/breadmonster_sapper_placement.mdl
buildables/p2rec_placed.mdl
buildables/p2rec_placement.mdl
buildables/sapper_dispenser.mdl
buildables/sapper_placed.mdl
buildables/sapper_placement.mdl
buildables/sapper_placement_dispenser.mdl
buildables/sapper_placement_sentry1.mdl
buildables/sapper_placement_sentry2.mdl
buildables/sapper_placement_sentry3.mdl
buildables/sapper_placement_teleporter.mdl
buildables/sapper_sentry1.mdl
buildables/sapper_sentry2.mdl
buildables/sapper_sentry3.mdl
buildables/sapper_teleporter.mdl
buildables/sapper_xmas_placed.mdl
buildables/sapper_xmas_placement.mdl
buildables/sd_sapper_dispenser.mdl
buildables/sd_sapper_placed.mdl
buildables/sd_sapper_placement.mdl
buildables/sd_sapper_placement_dispenser.mdl
buildables/sd_sapper_placement_sentry1.mdl
buildables/sd_sapper_placement_sentry2.mdl
buildables/sd_sapper_placement_sentry3.mdl
buildables/sd_sapper_placement_teleporter.mdl
buildables/sd_sapper_sentry1.mdl
buildables/sd_sapper_sentry2.mdl
buildables/sd_sapper_sentry3.mdl
buildables/sd_sapper_teleporter.mdl
//ENGINEER BUILDINGS
buildables/dispenser.mdl
buildables/dispenser_blueprint.mdl
buildables/dispenser_light.mdl
buildables/dispenser_lvl2.mdl
buildables/dispenser_lvl2_light.mdl
buildables/dispenser_lvl3.mdl
buildables/dispenser_lvl3_light.mdl
buildables/sentry1.mdl
buildables/sentry1_animations.mdl
buildables/sentry1_blueprint.mdl
buildables/sentry1_heavy.mdl
buildables/sentry2.mdl
buildables/sentry2_heavy.mdl
buildables/sentry3.mdl
buildables/sentry3_heavy.mdl
buildables/sentry3_rockets.mdl
buildables/teleporter.mdl
buildables/teleporter_blueprint_enter.mdl
buildables/teleporter_blueprint_exit.mdl
buildables/teleporter_light.mdl
buildables/sentry1_range.mdl
buildables/teleporter_blueprint_enter.mdl
buildables/teleporter_blueprint_exit.mdl
buildables/gibs/dispenser_gib1.mdl
buildables/gibs/dispenser_gib2.mdl
buildables/gibs/dispenser_gib3.mdl
buildables/gibs/dispenser_gib4.mdl
buildables/gibs/dispenser_gib5.mdl
buildables/gibs/sentry1_gib1.mdl
buildables/gibs/sentry1_gib2.mdl
buildables/gibs/sentry1_gib3.mdl
buildables/gibs/sentry1_gib4.mdl
buildables/gibs/sentry2_gib1.mdl
buildables/gibs/sentry2_gib2.mdl
buildables/gibs/sentry2_gib3.mdl
buildables/gibs/sentry2_gib4.mdl
buildables/gibs/sentry3_gib1.mdl
buildables/gibs/teleporter_gib1.mdl
buildables/gibs/teleporter_gib2.mdl
buildables/gibs/teleporter_gib3.mdl
buildables/gibs/teleporter_gib4.mdl
//TELEPORTER BREAD
weapons/c_models/c_bread/c_bread_baguette.mdl
weapons/c_models/c_bread/c_bread_burnt.mdl
weapons/c_models/c_bread/c_bread_cinnamon.mdl
weapons/c_models/c_bread/c_bread_cornbread.mdl
weapons/c_models/c_bread/c_bread_crumpet.mdl
weapons/c_models/c_bread/c_bread_plainloaf.mdl
weapons/c_models/c_bread/c_bread_pretzel.mdl
weapons/c_models/c_bread/c_bread_ration.mdl
weapons/c_models/c_bread/c_bread_russianblack.mdl
//WEAPON GIBS
buildables/gibs/sapper_gib001.mdl
buildables/gibs/sapper_gib002.mdl
buildables/gibs/sd_sapper_gib001.mdl
buildables/gibs/sd_sapper_gib002.mdl
weapons/w_models/w_arrow_gib1.mdl
weapons/w_models/w_arrow_gib2.mdl
weapons/w_models/w_arrow_xmas_gib2.mdl
weapons/w_models/w_repair_claw_gib1.mdl
weapons/w_models/w_repair_claw_gib2.mdl
weapons/w_models/w_stickybomb_gib1.mdl
weapons/w_models/w_stickybomb_gib2.mdl
weapons/w_models/w_stickybomb_gib3.mdl
weapons/w_models/w_stickybomb_gib4.mdl
weapons/w_models/w_stickybomb_gib5.mdl
weapons/w_models/w_stickybomb_gib6.mdl
//ALL FESTIVE WEAPONS (NOT FESTIVIZED)
workshop/weapons/c_models/c_blackbox/c_blackbox_xmas.mdl
workshop/weapons/c_models/c_crusaders_crossbow/c_crusaders_crossbow_xmas.mdl
workshop/weapons/c_models/c_crusaders_crossbow/c_crusaders_crossbow_xmas_proj.mdl
workshop/weapons/c_models/c_holymackerel/c_holymackerel_xmas.mdl
workshop/weapons/c_models/c_xms_cold_shoulder/c_xms_cold_shoulder.mdl
workshop/weapons/c_models/c_xms_giftwrap/c_xms_giftwrap.mdl
workshop/weapons/c_models/c_xms_gloves/c_xms_gloves.mdl
weapons/c_models/c_ambassador/c_ambassador_xmas.mdl
weapons/c_models/c_bat/c_bat_xmas.mdl
weapons/c_models/c_bonesaw/c_bonesaw_xmas.mdl
weapons/c_models/c_bow/c_bow_xmas.mdl
weapons/c_models/c_boxing_gloves/c_boxing_gloves_xmas.mdl
weapons/c_models/c_buffpack/c_buffpack_xmas.mdl
weapons/c_models/c_claymore/c_claymore_xmas.mdl
weapons/c_models/c_fireaxe_pyro/c_fireaxe_pyro_xmas.mdl
weapons/c_models/c_flamethrower/c_backburner_xmas.mdl
weapons/c_models/c_flamethrower/c_flamethrower_xmas.mdl
weapons/c_models/c_frontierjustice/c_frontierjustice_xmas.mdl
weapons/c_models/c_grenadelauncher/c_grenadelauncher_xmas.mdl
weapons/c_models/c_knife/c_knife_xmas.mdl
weapons/c_models/c_medigun/c_medigun_xmas.mdl
weapons/c_models/c_minigun/c_minigun_xmas.mdl
weapons/c_models/c_revolver/c_revolver_xmas.mdl
weapons/c_models/c_rocketlauncher/c_rocketlauncher_xmas.mdl
weapons/c_models/c_sandwich/c_sandwich_xmas.mdl
weapons/c_models/c_sapper/c_sapper_xmas.mdl
weapons/c_models/c_scattergun/c_scattergun_xmas.mdl
weapons/c_models/c_shotgun/c_shotgun_xmas.mdl
weapons/c_models/c_smg/c_smg_xmas.mdl
weapons/c_models/c_sniperrifle/c_sniperrifle_xmas.mdl
weapons/c_models/c_stickybomb_launcher/c_stickybomb_launcher_xmas.mdl
weapons/c_models/c_targe/c_targe_xmas.mdl
weapons/c_models/c_ubersaw/c_ubersaw_xmas.mdl
weapons/c_models/c_wrangler_xmas.mdl
weapons/c_models/c_wrench/c_wrench_xmas.mdl
weapons/c_models/c_xms_double_barrel.mdl
weapons/c_models/c_xms_energy_drink/c_xms_energy_drink.mdl
weapons/c_models/c_xms_festive_ornament.mdl
weapons/c_models/c_xms_flaregun/c_xms_flaregun.mdl
weapons/c_models/c_xms_urinejar.mdl
//ALL FESTIVIZED WEAPONS (NOT FESTIVE)
workshop/weapons/c_models/c_amputator/c_amputator_festivizer.mdl
workshop/weapons/c_models/c_atom_launcher/c_atom_launcher_festivizer.mdl
workshop/weapons/c_models/c_back_scratcher/c_back_scratcher_festivizer.mdl
workshop/weapons/c_models/c_battleaxe/c_battleaxe_festivizer.mdl
workshop/weapons/c_models/c_bazaar_sniper/c_bazaar_sniper_festivizer.mdl
workshop/weapons/c_models/c_blackbox/c_blackbox_festivizer.mdl
workshop/weapons/c_models/c_claidheamohmor/c_claidheamohmor_festivizer.mdl
workshop/weapons/c_models/c_crusaders_crossbow/c_crusaders_crossbow_festivizer.mdl
workshop/weapons/c_models/c_degreaser/c_degreaser_festivizer.mdl
workshop/weapons/c_models/c_demo_cannon/c_demo_cannon_festivizer.mdl
workshop/weapons/c_models/c_demo_sultan_sword/c_demo_sultan_sword_festivizer.mdl
workshop/weapons/c_models/c_detonator/c_detonator_festivizer.mdl
workshop/weapons/c_models/c_gatling_gun/c_gatling_gun_festivizer.mdl
workshop/weapons/c_models/c_holymackerel/c_holymackerel_festivizer.mdl
workshop/weapons/c_models/c_jag/c_jag_festivizer.mdl
workshop/weapons/c_models/c_lochnload/c_lochnload_festivizer.mdl
workshop/weapons/c_models/c_powerjack/c_powerjack_festivizer.mdl
workshop/weapons/c_models/c_quadball/c_quadball_festivizer.mdl
workshop/weapons/c_models/c_reserve_shooter/c_reserve_shooter_festivizer.mdl
workshop/weapons/c_models/c_riding_crop/c_riding_crop_festivizer.mdl
workshop/weapons/c_models/c_russian_riot/c_russian_riot_festivizer.mdl
workshop/weapons/c_models/c_scimitar/c_scimitar_festivizer.mdl
workshop/weapons/c_models/c_scorch_shot/c_scorch_shot_festivizer.mdl
workshop/weapons/c_models/c_shortstop/c_shortstop_festivizer.mdl
workshop/weapons/c_models/c_soda_popper/c_soda_popper_festivizer.mdl
workshop/weapons/c_models/c_tele_shotgun/c_tele_shotgun_festivizer.mdl
workshop/weapons/c_models/c_tomislav/c_tomislav_festivizer.mdl
workshop/weapons/c_models/c_trenchgun/c_trenchgun_festivizer.mdl
workshop/weapons/c_models/c_winger_pistol/c_winger_pistol_festivizer.mdl
workshop/weapons/c_models/c_xms_cold_shoulder/c_xms_cold_shoulder_festivizer.mdl
weapons/c_models/c_fireaxe_pyro/c_fireaxe_pyro_festivizer.mdl
weapons/c_models/c_flameball/c_flameball_festivizer.mdl
weapons/c_models/c_flamethrower/c_flamethrower_festivizer.mdl
weapons/c_models/c_grenadelauncher/c_grenadelauncher_festivizer.mdl
weapons/c_models/c_knife/c_knife_festivizer.mdl
weapons/c_models/c_machete/c_machete_festivizer.mdl
weapons/c_models/c_medigun/c_medigun_festivizer.mdl
weapons/c_models/c_minigun/c_minigun_festivizer.mdl
weapons/c_models/c_overhealer/c_overhealer_festivizer.mdl
weapons/c_models/c_pistol/c_pistol_festivizer.mdl
weapons/c_models/c_proto_medigun/c_proto_medigun_festivizer.mdl
weapons/c_models/c_revolver/c_revolver_festivizer.mdl
weapons/c_models/c_rocketlauncher/c_rocketlauncher_festivizer.mdl
weapons/c_models/c_scattergun/c_scattergun_festivizer.mdl
weapons/c_models/c_scottish_resistance/c_scottish_resistance_festivizer.mdl
weapons/c_models/c_shotgun/c_shotgun_festivizer.mdl
weapons/c_models/c_shovel/c_shovel_festivizer.mdl
weapons/c_models/c_smg/c_smg_festivizer.mdl
weapons/c_models/c_sniperrifle/c_sniperrifle_festivizer.mdl
weapons/c_models/c_stickybomb_launcher/c_stickybomb_launcher_festivizer.mdl
weapons/c_models/c_ubersaw/c_ubersaw_festivizer.mdl
weapons/c_models/c_wooden_bat/c_wooden_bat_festivizer.mdl
weapons/c_models/c_wrench/c_wrench_festivizer.mdl
//PLAYER GIBS
player/gibs/demogib001.mdl
player/gibs/demogib002.mdl
player/gibs/demogib003.mdl
player/gibs/demogib004.mdl
player/gibs/demogib005.mdl
player/gibs/demogib006.mdl
player/gibs/engineergib001.mdl
player/gibs/engineergib002.mdl
player/gibs/engineergib003.mdl
player/gibs/engineergib004.mdl
player/gibs/engineergib005.mdl
player/gibs/engineergib006.mdl
player/gibs/engineergib007.mdl
player/gibs/heavygib001.mdl
player/gibs/heavygib002.mdl
player/gibs/heavygib003.mdl
player/gibs/heavygib004.mdl
player/gibs/heavygib005.mdl
player/gibs/heavygib006.mdl
player/gibs/heavygib007.mdl
player/gibs/medicgib001.mdl
player/gibs/medicgib002.mdl
player/gibs/medicgib003.mdl
player/gibs/medicgib004.mdl
player/gibs/medicgib005.mdl
player/gibs/medicgib006.mdl
player/gibs/medicgib007.mdl
player/gibs/medicgib008.mdl
player/gibs/pyrogib001.mdl
player/gibs/pyrogib002.mdl
player/gibs/pyrogib003.mdl
player/gibs/pyrogib004.mdl
player/gibs/pyrogib005.mdl
player/gibs/pyrogib006.mdl
player/gibs/pyrogib007.mdl
player/gibs/pyrogib008.mdl
player/gibs/random_organ.mdl
player/gibs/scoutgib001.mdl
player/gibs/scoutgib002.mdl
player/gibs/scoutgib003.mdl
player/gibs/scoutgib004.mdl
player/gibs/scoutgib005.mdl
player/gibs/scoutgib006.mdl
player/gibs/scoutgib007.mdl
player/gibs/scoutgib008.mdl
player/gibs/scoutgib009.mdl
player/gibs/snipergib001.mdl
player/gibs/snipergib002.mdl
player/gibs/snipergib003.mdl
player/gibs/snipergib004.mdl
player/gibs/snipergib005.mdl
player/gibs/snipergib006.mdl
player/gibs/snipergib007.mdl
player/gibs/soldiergib001.mdl
player/gibs/soldiergib002.mdl
player/gibs/soldiergib003.mdl
player/gibs/soldiergib004.mdl
player/gibs/soldiergib005.mdl
player/gibs/soldiergib006.mdl
player/gibs/soldiergib007.mdl
player/gibs/soldiergib008.mdl
player/gibs/spygib001.mdl
player/gibs/spygib002.mdl
player/gibs/spygib003.mdl
player/gibs/spygib004.mdl
player/gibs/spygib005.mdl
player/gibs/spygib006.mdl
player/gibs/spygib007.mdl
//WEAPON SHELLS
weapons/shells/shell_pistol.mdl
weapons/shells/shell_shotgun.mdl
weapons/shells/shell_sniperrifle.mdl
//ALL WEAPONS
workshop/weapons/c_models/c_acr_hookblade/c_acr_hookblade.mdl
workshop/weapons/c_models/c_amputator/c_amputator.mdl
workshop/weapons/c_models/c_atom_launcher/c_atom_launcher.mdl
workshop/weapons/c_models/c_ava_roseknife/c_ava_roseknife.mdl
workshop/weapons/c_models/c_back_scratcher/c_back_scratcher.mdl
workshop/weapons/c_models/c_battalion_buffbanner/c_battalion_buffbanner.mdl
workshop/weapons/c_models/c_battalion_buffpack/c_battalion_buffpack.mdl
workshop/weapons/c_models/c_battalion_bugle/c_battalion_bugle.mdl
workshop/weapons/c_models/c_battleaxe/c_battleaxe.mdl
workshop/weapons/c_models/c_bazaar_sniper/c_bazaar_sniper.mdl
workshop/weapons/c_models/c_bear_claw/c_bear_claw.mdl
workshop/weapons/c_models/c_blackbox/c_blackbox.mdl
workshop/weapons/c_models/c_bonk_bat/c_bonk_bat.mdl
workshop/weapons/c_models/c_boston_basher/c_boston_basher.mdl
workshop/weapons/c_models/c_buffalo_steak/c_buffalo_steak.mdl
workshop/weapons/c_models/c_buffalo_steak/plate_buffalo_steak.mdl
workshop/weapons/c_models/c_caber/c_caber.mdl
workshop/weapons/c_models/c_caber/c_caber_exploded.mdl
workshop/weapons/c_models/c_candy_cane/c_candy_cane.mdl
workshop/weapons/c_models/c_chocolate/c_chocolate.mdl
workshop/weapons/c_models/c_chocolate/plate_chocolate.mdl
workshop/weapons/c_models/c_claidheamohmor/c_claidheamohmor.mdl
workshop/weapons/c_models/c_croc_knife/c_croc_knife.mdl
workshop/weapons/c_models/c_crossing_guard/c_crossing_guard.mdl
workshop/weapons/c_models/c_crusaders_crossbow/c_crusaders_crossbow.mdl
workshop/weapons/c_models/c_degreaser/c_degreaser.mdl
workshop/weapons/c_models/c_degreaser/c_degreaser_pilotlight.mdl
workshop/weapons/c_models/c_demo_cannon/c_demo_cannon.mdl
workshop/weapons/c_models/c_demo_sultan_sword/c_demo_sultan_sword.mdl
workshop/weapons/c_models/c_detonator/c_detonator.mdl
workshop/weapons/c_models/c_drg_cowmangler/c_drg_cowmangler.mdl
workshop/weapons/c_models/c_drg_manmelter/c_drg_manmelter.mdl
workshop/weapons/c_models/c_drg_phlogistinator/c_drg_phlogistinator.mdl
workshop/weapons/c_models/c_drg_pomson/c_drg_pomson.mdl
workshop/weapons/c_models/c_drg_righteousbison/c_drg_righteousbison.mdl
workshop/weapons/c_models/c_drg_thirddegree/c_drg_thirddegree.mdl
workshop/weapons/c_models/c_drg_wrenchmotron/c_drg_wrenchmotron.mdl
workshop/weapons/c_models/c_dumpster_device/c_dumpster_device.mdl
workshop/weapons/c_models/c_eternal_reward/c_eternal_reward.mdl
workshop/weapons/c_models/c_eviction_notice/c_eviction_notice.mdl
workshop/weapons/c_models/c_fishcake/c_fishcake.mdl
workshop/weapons/c_models/c_fishcake/plate_fishcake.mdl
workshop/weapons/c_models/c_fists_of_steel/c_fists_of_steel.mdl
workshop/weapons/c_models/c_gatling_gun/c_gatling_gun.mdl
workshop/weapons/c_models/c_golfclub/c_golfclub.mdl
workshop/weapons/c_models/c_ham/c_ham.mdl
workshop/weapons/c_models/c_holymackerel/c_holymackerel.mdl
workshop/weapons/c_models/c_invasion_bat/c_invasion_bat.mdl
workshop/weapons/c_models/c_invasion_pistol/c_invasion_pistol.mdl
workshop/weapons/c_models/c_invasion_sniperrifle/c_invasion_sniperrifle.mdl
workshop/weapons/c_models/c_invasion_wrangler/c_invasion_wrangler.mdl
workshop/weapons/c_models/c_iron_curtain/c_iron_curtain.mdl
workshop/weapons/c_models/c_jag/c_jag.mdl
workshop/weapons/c_models/c_kingmaker_sticky/c_kingmaker_sticky.mdl
workshop/weapons/c_models/c_kingmaker_sticky/w_kingmaker_stickybomb.mdl
workshop/weapons/c_models/c_letranger/c_letranger.mdl
workshop/weapons/c_models/c_liberty_launcher/c_liberty_launcher.mdl
workshop/weapons/c_models/c_lochnload/c_lochnload.mdl
workshop/weapons/c_models/c_madmilk/c_madmilk.mdl
workshop/weapons/c_models/c_mailbox/c_mailbox.mdl
workshop/weapons/c_models/c_market_gardener/c_market_gardener.mdl
workshop/weapons/c_models/c_medigun_defense/c_medigun_defense.mdl
workshop/weapons/c_models/c_medigun_defense/c_medigun_defensepack.mdl
workshop/weapons/c_models/c_paintrain/c_paintrain.mdl
workshop/weapons/c_models/c_paratooper_pack/c_paratrooper_pack.mdl
workshop/weapons/c_models/c_paratooper_pack/c_paratrooper_pack_open.mdl
workshop/weapons/c_models/c_paratooper_pack/c_paratrooper_parachute.mdl
workshop/weapons/c_models/c_pep_pistol/c_pep_pistol.mdl
workshop/weapons/c_models/c_pep_scattergun/c_pep_scattergun.mdl
workshop/weapons/c_models/c_persian_shield/c_persian_shield.mdl
workshop/weapons/c_models/c_persian_shield/c_persian_shield_all.mdl
workshop/weapons/c_models/c_persian_shield/c_persian_shield_arrow.mdl
workshop/weapons/c_models/c_persian_shield/c_persian_shield_spike.mdl
workshop/weapons/c_models/c_picket/c_picket.mdl
workshop/weapons/c_models/c_powerjack/c_powerjack.mdl
workshop/weapons/c_models/c_pro_rifle/c_pro_rifle.mdl
workshop/weapons/c_models/c_pro_smg/c_pro_smg.mdl
workshop/weapons/c_models/c_quadball/c_quadball.mdl
workshop/weapons/c_models/c_quadball/w_quadball_grenade.mdl
workshop/weapons/c_models/c_reserve_shooter/c_reserve_shooter.mdl
workshop/weapons/c_models/c_rfa_hammer/c_rfa_hammer.mdl
workshop/weapons/c_models/c_riding_crop/c_riding_crop.mdl
workshop/weapons/c_models/c_rift_fire_axe/c_rift_fire_axe.mdl
workshop/weapons/c_models/c_rift_fire_mace/c_rift_fire_mace.mdl
workshop/weapons/c_models/c_rr_crossing_sign/c_rr_crossing_sign.mdl
workshop/weapons/c_models/c_russian_riot/c_russian_riot.mdl
workshop/weapons/c_models/c_scatterdrum/c_scatterdrum.mdl
workshop/weapons/c_models/c_scimitar/c_scimitar.mdl
workshop/weapons/c_models/c_scorch_shot/c_scorch_shot.mdl
workshop/weapons/c_models/c_scotland_shard/c_scotland_shard.mdl
workshop/weapons/c_models/c_scout_sword/c_scout_sword.mdl
workshop/weapons/c_models/c_shortstop/c_shortstop.mdl
workshop/weapons/c_models/c_skullbat/c_skullbat.mdl
workshop/weapons/c_models/c_skullbat/c_skullbat_s1.mdl
workshop/weapons/c_models/c_skullbat/c_skullbat_s2.mdl
workshop/weapons/c_models/c_skullbat/c_skullbat_s3.mdl
workshop/weapons/c_models/c_sledgehammer/c_sledgehammer.mdl
workshop/weapons/c_models/c_snub_nose/c_snub_nose.mdl
workshop/weapons/c_models/c_soda_popper/c_soda_popper.mdl
workshop/weapons/c_models/c_spikewrench/c_spikewrench.mdl
workshop/weapons/c_models/c_sr3_punch/c_sr3_punch.mdl
workshop/weapons/c_models/c_switchblade/c_switchblade.mdl
workshop/weapons/c_models/c_sydney_sleeper/c_sydney_sleeper.mdl
workshop/weapons/c_models/c_sydney_sleeper/c_sydney_sleeper_dart.mdl
workshop/weapons/c_models/c_tele_shotgun/c_tele_shotgun.mdl
workshop/weapons/c_models/c_tele_shotgun/c_tele_shotgun_screen.mdl
workshop/weapons/c_models/c_tomislav/c_tomislav.mdl
workshop/weapons/c_models/c_trenchgun/c_trenchgun.mdl
workshop/weapons/c_models/c_ttg_max_gun/c_ttg_max_gun.mdl
workshop/weapons/c_models/c_ttg_sam_gun/c_ttg_sam_gun.mdl
workshop/weapons/c_models/c_uberneedle/c_uberneedle.mdl
workshop/weapons/c_models/c_unarmed_combat/c_unarmed_combat.mdl
workshop/weapons/c_models/c_voodoo_pin/c_voodoo_pin.mdl
workshop/weapons/c_models/c_wheel_shield/c_wheel_shield.mdl
workshop/weapons/c_models/c_winger_pistol/c_winger_pistol.mdl
workshop/weapons/c_models/c_wood_machete/c_wood_machete.mdl
weapons/c_models/c_8mm_camera/c_8mm_camera.mdl
weapons/c_models/c_ambassador/c_ambassador.mdl
weapons/c_models/c_ava_roseknife/c_ava_roseknife.mdl
weapons/c_models/c_ava_roseknife/c_ava_roseknife_v.mdl
weapons/c_models/c_axtinguisher/c_axtinguisher_pyro.mdl
weapons/c_models/c_backburner/c_backburner.mdl
weapons/c_models/c_banana/c_banana.mdl
weapons/c_models/c_battalion_buffbanner/c_batt_buffbanner.mdl
weapons/c_models/c_battalion_buffpack/c_batt_buffpack.mdl
weapons/c_models/c_bigaxe/c_bigaxe.mdl
weapons/c_models/c_big_mallet/c_big_mallet.mdl
weapons/c_models/c_bonesaw/c_bonesaw.mdl
weapons/c_models/c_bottle/c_bottle.mdl
weapons/c_models/c_bottle/c_bottle_broken.mdl
weapons/c_models/c_bow/c_bow.mdl
weapons/c_models/c_bow/c_bow_thief.mdl
weapons/c_models/c_boxing_gloves/c_boxing_gloves.mdl
weapons/c_models/c_breadmonster/c_breadmonster.mdl
weapons/c_models/c_breadmonster/c_breadmonster_milk.mdl
weapons/w_models/w_breadmonster/w_breadmonster.mdl
weapons/c_models/c_breadmonster_gloves/c_breadmonster_gloves.mdl
weapons/c_models/c_breadmonster_sapper/c_breadmonster_sapper.mdl
weapons/c_models/c_buffalo_steak/c_buffalo_steak.mdl
weapons/c_models/c_buffbanner/c_buffbanner.mdl
weapons/c_models/c_buffpack/c_buffpack.mdl
weapons/c_models/c_bugle/c_bugle.mdl
weapons/c_models/c_builder/c_builder.mdl
weapons/c_models/c_canton/c_canton.mdl
weapons/c_models/c_carnival_mallet/c_carnival_mallet.mdl
weapons/c_models/c_chocolate/c_chocolate.mdl
weapons/c_models/c_claymore/c_claymore.mdl
weapons/c_models/c_csgo_awp/c_csgo_awp.mdl
weapons/c_models/c_dartgun.mdl
weapons/c_models/c_dex_arm/c_dex_arm.mdl
weapons/c_models/c_directhit/c_directhit.mdl
weapons/c_models/c_double_barrel.mdl
weapons/c_models/c_energy_drink/c_energy_drink.mdl
weapons/c_models/c_engineer_gunslinger.mdl
weapons/c_models/c_fireaxe_pyro/c_fireaxe_pyro.mdl
weapons/c_models/c_flameball/c_flameball.mdl
weapons/c_models/c_flamethrower/c_backburner.mdl
weapons/c_models/c_flamethrower/c_flamethrower_pilotlight.mdl
weapons/c_models/c_flaregun_pyro/c_flaregun_pyro.mdl
weapons/c_models/c_frontierjustice/c_frontierjustice.mdl
weapons/c_models/c_frying_pan/c_frying_pan.mdl
weapons/c_models/c_gascan/c_gascan.mdl
weapons/c_models/c_grapple_proj/c_grapple_proj.mdl
weapons/c_models/c_grappling_hook/c_grappling_hook.mdl
weapons/c_models/c_grenadelauncher/c_grenadelauncher.mdl
weapons/c_models/c_headtaker/c_headtaker.mdl
weapons/c_models/c_hippocrates_bust/c_hippocrates_bust.mdl
weapons/c_models/c_holymackerel.mdl
weapons/c_models/c_iron_curtain/c_iron_curtain.mdl
weapons/c_models/c_jag/c_jag.mdl
weapons/c_models/c_leather_watch/parts/c_leather_watch.mdl
weapons/c_models/c_leechgun/c_leechgun.mdl
weapons/c_models/c_leechgun/c_leech_proj.mdl
weapons/c_models/c_lollichop/c_lollichop.mdl
weapons/c_models/c_minigun/c_minigun_natascha.mdl
weapons/c_models/c_overhealer/c_overhealer.mdl
weapons/c_models/c_p2rec/c_p2rec.mdl
weapons/c_models/c_persian_shield/c_persian_shield_sml.mdl
weapons/c_models/c_pickaxe/c_pickaxe.mdl
weapons/c_models/c_pickaxe/c_pickaxe_s2.mdl
weapons/v_models/v_watch_pocket_spy.mdl
weapons/c_models/c_pocket_watch/parts/c_pocket_watch.mdl
weapons/c_models/c_proto_backpack/c_proto_backpack.mdl
weapons/c_models/c_proto_medigun/c_proto_medigun.mdl
weapons/c_models/c_proto_syringegun/c_proto_syringegun.mdl
weapons/c_models/c_rainblower/c_rainblower.mdl
weapons/c_models/c_rocketboots_soldier.mdl
weapons/c_models/c_rocketjumper/c_rocketjumper.mdl
weapons/c_models/c_rocketpack/c_rocketpack.mdl
weapons/c_models/c_sandwich/c_robo_sandwich.mdl
weapons/c_models/c_sandwich/c_sandwich.mdl
weapons/c_models/c_sapper/c_sapper.mdl
weapons/c_models/c_saxxy/c_saxxy.mdl
weapons/c_models/c_scotland_shard/c_scotland_shard_broken.mdl
weapons/c_models/c_scottish_resistance/c_scottish_resistance.mdl
weapons/c_models/c_scottish_resistance.mdl
weapons/c_models/c_sd_neonsign/c_sd_neonsign_broken.mdl
weapons/c_models/c_slapping_glove/c_slapping_glove.mdl
weapons/c_models/c_slapping_glove/w_slapping_glove.mdl
weapons/c_models/c_spy_watch.mdl
weapons/c_models/c_stickybomb_launcher.mdl
weapons/c_models/c_sticky_jumper/c_sticky_jumper.mdl
weapons/c_models/c_switchblade/c_switchblade.mdl
weapons/c_models/c_syringegun/c_syringegun.mdl
weapons/c_models/c_targe/c_targe.mdl
weapons/c_models/c_tfc_sniperrifle/c_tfc_sniperrifle.mdl
weapons/c_models/c_tw_eagle/c_tw_eagle.mdl
weapons/c_models/c_ubersaw/c_ubersaw.mdl
weapons/c_models/c_v_ludmila/c_v_ludmila.mdl
weapons/c_models/c_v_targe/c_v_targe.mdl
weapons/c_models/c_wooden_bat/c_wooden_bat.mdl
weapons/c_models/c_wrangler.mdl
weapons/c_models/c_w_ludmila/c_w_ludmila.mdl
weapons/c_models/stattrack.mdl
weapons/c_models/urinejar.mdl
workshop_partner/weapons/c_models/c_ai_flamethrower/c_ai_flamethrower.mdl
workshop_partner/weapons/c_models/c_bet_rocketlauncher/c_bet_rocketlauncher.mdl
workshop_partner/weapons/c_models/c_bow_thief/c_bow_thief.mdl
workshop_partner/weapons/c_models/c_canton/c_canton.mdl
workshop_partner/weapons/c_models/c_dex_arm/c_dex_arm.mdl
workshop_partner/weapons/c_models/c_dex_revolver/c_dex_revolver.mdl
workshop_partner/weapons/c_models/c_dex_shotgun/c_dex_shotgun.mdl
workshop_partner/weapons/c_models/c_dex_sniperrifle/c_dex_sniperrifle.mdl
workshop_partner/weapons/c_models/c_prinny_knife/c_prinny_knife.mdl
workshop_partner/weapons/c_models/c_sd_cleaver/c_sd_cleaver.mdl
workshop_partner/weapons/c_models/c_sd_cleaver/v_sd_cleaver.mdl
workshop_partner/weapons/c_models/c_sd_neonsign/c_sd_neonsign.mdl
workshop_partner/weapons/c_models/c_sd_sapper/c_sd_sapper.mdl
workshop_partner/weapons/c_models/c_shogun_katana/c_shogun_katana.mdl
workshop_partner/weapons/c_models/c_shogun_katana/c_shogun_katana_soldier.mdl
workshop_partner/weapons/c_models/c_shogun_kunai/c_shogun_kunai.mdl
workshop_partner/weapons/c_models/c_shogun_warbanner/c_shogun_warbanner.mdl
workshop_partner/weapons/c_models/c_shogun_warfan/c_shogun_warfan.mdl
workshop_partner/weapons/c_models/c_shogun_warhorn/c_shogun_warhorn.mdl
workshop_partner/weapons/c_models/c_shogun_warpack/c_shogun_warpack.mdl
workshop_partner/weapons/c_models/c_tw_eagle/c_tw_eagle.mdl
workshop/player/items/sniper/croc_shield/croc_shield.mdl
workshop/player/items/sniper/xms_sniper_commandobackpack/xms_sniper_commandobackpack.mdl
workshop/player/items/soldier/mantreads/mantreads.mdl
workshop/player/items/demo/demo_booties/demo_booties.mdl
workshop/player/items/demo/pegleg/pegleg.mdl
player/items/sniper/knife_shield.mdl
//SILLYGIBS (PYROLAND AND BIRTHDAY)
player/gibs/gibs_balloon.mdl
player/gibs/gibs_bolt.mdl
player/gibs/gibs_boot.mdl
player/gibs/gibs_burger.mdl
player/gibs/gibs_can.mdl
player/gibs/gibs_clock.mdl
player/gibs/gibs_duck.mdl
player/gibs/gibs_fish.mdl
player/gibs/gibs_gear1.mdl
player/gibs/gibs_gear2.mdl
player/gibs/gibs_gear3.mdl
player/gibs/gibs_gear4.mdl
player/gibs/gibs_gear5.mdl
player/gibs/gibs_hubcap.mdl
player/gibs/gibs_licenseplate.mdl
player/gibs/gibs_spring1.mdl
player/gibs/gibs_spring2.mdl
player/gibs/gibs_teeth.mdl
player/gibs/gibs_tire.mdl
//MVM REVIVE
props_mvm/mvm_revive_tombstone.mdl
//SHIELDS
effects/resist_shield/resist_shield.mdl
buildables/sentry_shield.mdl
props_mvm/mvm_player_shield.mdl
props_mvm/mvm_player_shield2.mdl
//MVM TANK
bots/boss_bot/static_boss_tank.mdl
bots/boss_bot/tank_track.mdl
bots/boss_bot/boss_tank.mdl
bots/tw2/boss_bot/boss_tank.mdl
bots/boss_bot/boss_tank_damage1.mdl
bots/tw2/boss_bot/boss_tank_damage1.mdl
bots/boss_bot/boss_tank_damage2.mdl
bots/tw2/boss_bot/boss_tank_damage2.mdl
bots/boss_bot/boss_tank_damage3.mdl
bots/tw2/boss_bot/boss_tank_damage3.mdl
bots/boss_bot/bomb_mechanism.mdl
bots/boss_bot/tank_track_L.mdl
bots/boss_bot/tank_track_R.mdl
bots/tw2/boss_bot/tank_track_L.mdl
bots/tw2/boss_bot/tank_track_R.mdl
bots/boss_bot/boss_tank_part1_destruction.mdl
bots/tw2/boss_bot/boss_tank_part1_destruction.mdl
//ARCHIMEDES
props_forest/dove.mdl
player/items/medic/archimedes.mdl
//TREES
props_farm/tree001.mdl
props_foliage/deadtree01.mdl
props_foliage/deadtree01_skybox.mdl
props_foliage/tree01.mdl
props_foliage/tree02.mdl
props_foliage/tree_pine01.mdl
props_foliage/tree_pine01_4cluster.mdl
props_foliage/tree_pine01_4cluster_skybox.mdl
props_foliage/tree_pine01_8cluster.mdl
props_foliage/tree_pine_extrasmall.mdl
props_foliage/tree_pine_extrasmall_snow.mdl
props_foliage/tree_pine_huge.mdl
props_foliage/tree_pine_huge_snow.mdl
props_foliage/tree_pine_small.mdl
props_foliage/tree_pine_small_snow.mdl
props_woods/woods_tree_01.mdl
//SAWBLADES
	   	props_forest/saw_blade.mdl
props_forest/saw_blade_large.mdl
props_forest/sawblade_moving.mdl
//TAUNT PROPS
player/items/pyro/mtp_bubble_wand.mdl
player/items/taunts/balloon_animal_pyro/balloon_animal_pyro.mdl
player/items/taunts/beer_crate/beer_crate.mdl
player/items/taunts/bumpercar/parts/bumpercar.mdl
player/items/taunts/bumpercar/parts/bumpercar_nolights.mdl
player/items/taunts/cash_wad.mdl
player/items/taunts/chicken_bucket/chicken_bucket.mdl
player/items/taunts/demo_nuke_bottle/demo_nuke_bottle.mdl
player/items/taunts/dizzy_bottle1/dizzy_bottle1.mdl
player/items/taunts/dizzy_bottle2/dizzy_bottle2.mdl
player/items/taunts/engys_new_chair/engys_new_chair.mdl
player/items/taunts/engys_new_chair/engys_new_chair_articlulated.mdl
player/items/taunts/matchbox/matchbox.mdl
player/items/taunts/medic_xray_taunt.mdl
player/items/taunts/scooter/scooter.mdl
player/items/taunts/tank/tank.mdl
player/items/taunts/victory_mug.mdl
player/items/taunts/wupass_mug/wupass_mug.mdl
player/items/taunts/yeti/yeti.mdl
player/items/taunts/yeti_gib_head.mdl
player/items/taunts/yeti_standee/yeti_standee.mdl
workshop/items/all_class/taunt_burstchester/taunt_burstchester_demo.mdl
workshop/items/all_class/taunt_burstchester/taunt_burstchester_engineer.mdl
workshop/items/all_class/taunt_burstchester/taunt_burstchester_heavy.mdl
workshop/items/all_class/taunt_burstchester/taunt_burstchester_medic.mdl
workshop/items/all_class/taunt_burstchester/taunt_burstchester_pyro.mdl
workshop/items/all_class/taunt_burstchester/taunt_burstchester_scout.mdl
workshop/items/all_class/taunt_burstchester/taunt_burstchester_sniper.mdl
workshop/items/all_class/taunt_burstchester/taunt_burstchester_soldier.mdl
workshop/items/all_class/taunt_burstchester/taunt_burstchester_spy.mdl
workshop/items/all_class/taunt_cheers/taunt_cheers_demo.mdl
workshop/items/all_class/taunt_cheers/taunt_cheers_engineer.mdl
workshop/items/all_class/taunt_cheers/taunt_cheers_heavy.mdl
workshop/items/all_class/taunt_cheers/taunt_cheers_medic.mdl
workshop/items/all_class/taunt_cheers/taunt_cheers_pyro.mdl
workshop/items/all_class/taunt_cheers/taunt_cheers_scout.mdl
workshop/items/all_class/taunt_cheers/taunt_cheers_sniper.mdl
workshop/items/all_class/taunt_cheers/taunt_cheers_soldier.mdl
workshop/items/all_class/taunt_cheers/taunt_cheers_spy.mdl
workshop/items/all_class/taunt_killer_joke/taunt_killer_joke_demo.mdl
workshop/items/all_class/taunt_killer_joke/taunt_killer_joke_drums.mdl
workshop/items/all_class/taunt_killer_joke/taunt_killer_joke_engineer.mdl
workshop/items/all_class/taunt_killer_joke/taunt_killer_joke_heavy.mdl
workshop/items/all_class/taunt_killer_joke/taunt_killer_joke_medic.mdl
workshop/items/all_class/taunt_killer_joke/taunt_killer_joke_pyro.mdl
workshop/items/all_class/taunt_killer_joke/taunt_killer_joke_scout.mdl
workshop/items/all_class/taunt_killer_joke/taunt_killer_joke_sniper.mdl
workshop/items/all_class/taunt_killer_joke/taunt_killer_joke_soldier.mdl
workshop/items/all_class/taunt_killer_joke/taunt_killer_joke_spy.mdl
workshop/items/all_class/zoomin_broom/zoomin_broom_demo.mdl
workshop/items/all_class/zoomin_broom/zoomin_broom_engineer.mdl
workshop/items/all_class/zoomin_broom/zoomin_broom_heavy.mdl
workshop/items/all_class/zoomin_broom/zoomin_broom_medic.mdl
workshop/items/all_class/zoomin_broom/zoomin_broom_pyro.mdl
workshop/items/all_class/zoomin_broom/zoomin_broom_scout.mdl
workshop/items/all_class/zoomin_broom/zoomin_broom_sniper.mdl
workshop/items/all_class/zoomin_broom/zoomin_broom_soldier.mdl
workshop/items/all_class/zoomin_broom/zoomin_broom_spy.mdl
workshop/items/demo/bagpipes/bagpipes.mdl
workshop/items/demo/taunt_drunk_manns_cannon/taunt_drunk_manns_cannon.mdl
workshop/items/demo/taunt_roar_owar/taunt_roar_owar.mdl
workshop/items/demo/taunt_scotsmans_stagger/taunt_scotsmans_stagger.mdl
workshop/items/demo/taunt_shanty_shipmate/taunt_shanty_shipmate.mdl
workshop/items/demo/taunt_shipwheel/taunt_shipwheel.mdl
workshop/items/demo/taunt_the_pooped_deck/taunt_the_pooped_deck.mdl
workshop/items/engineer/bucking_bronco/bucking_bronco.mdl
workshop/items/engineer/taunt_bumpkins_banjo/taunt_bumpkins_banjo.mdl
workshop/items/engineer/taunt_jackhammer_rodeo/taunt_jackhammer_rodeo.mdl
workshop/items/engineer/taunt_texas_truckin/taunt_texas_truckin.mdl
workshop/items/engineer/taunt_texas_twirl_em/taunt_texas_twirl_em.mdl
workshop/items/heavy/tauntrussian_rubdown/tauntrussian_rubdown.mdl
workshop/items/heavy/taunt_bare_knuckle_beatdown/taunt_bare_knuckle_beatdown.mdl
workshop/items/heavy/taunt_soviet_strongarm/taunt_soviet_strongarm.mdl
workshop/items/medic/tauntdoctors_defibrillators/tauntdoctors_defibrillators.mdl
workshop/items/medic/taunt_borrowed_bones/taunt_borrowed_bones.mdl
workshop/items/medic/taunt_surgeons_squeezebox/taunt_surgeons_squeezebox.mdl
workshop/items/medic/taunt_the_head_doctor/taunt_the_head_doctor.mdl
workshop/items/medic/taunt_the_mannbulance/taunt_the_mannbulance.mdl
workshop/items/medic/taunt_time_out_therapy/taunt_time_out_therapy.mdl
workshop/items/pyro/taunt_roasty_toasty/taunt_roasty_toasty.mdl
workshop/items/pyro/taunt_scorchers_solo/taunt_scorchers_solo.mdl
workshop/items/pyro/taunt_the_grilled_gunman/taunt_the_grilled_gunman.mdl
workshop/items/pyro/taunt_the_hot_wheeler/taunt_the_hot_wheeler.mdl
workshop/items/pyro/taunt_the_skating_scorcher/taunt_the_skating_scorcher.mdl
workshop/items/scout/taunt_foul_play/taunt_foul_play.mdl
workshop/items/scout/taunt_runners_rhythm/taunt_runners_rhythm.mdl
workshop/items/scout/taunt_spintowin/taunt_spintowin.mdl
workshop/items/scout/taunt_the_boston_boarder/taunt_the_boston_boarder.mdl
workshop/items/scout/taunt_the_bunnyhopper/taunt_the_bunnyhopper.mdl
workshop/items/scout/taunt_the_homerunners_hobby/taunt_the_homerunners_hobby.mdl
workshop/items/scout/taunt_the_killer_signature/taunt_the_killer_signature.mdl
workshop/items/scout/taunt_the_trackmans_touchdown/taunt_the_trackmans_touchdown.mdl
workshop/items/sniper/tauntshooters_stakeout/tauntshooters_stakeout.mdl
workshop/items/sniper/taunt_didgeridrongo/taunt_didgeridrongo.mdl
workshop/items/sniper/taunt_most_wanted/taunt_most_wanted.mdl
workshop/items/sniper/thief_sniper_cape/thief_sniper_cape.mdl
workshop/items/sniper/thief_sniper_hood/thief_sniper_hood.mdl
workshop/items/sniper/tw_sniperbot_armor/tw_sniperbot_armor.mdl
workshop/items/sniper/tw_sniperbot_helmet/tw_sniperbot_helmet.mdl
workshop/items/soldier/tauntstarspangled_strategy/tauntstarspangled_strategy.mdl
workshop/items/soldier/taunt_maggots_condolence/taunt_maggots_condolence.mdl
workshop/items/soldier/taunt_rocket_jockey/taunt_rocket_jockey.mdl
workshop/items/soldier/taunt_the_profane_puppeteer/taunt_the_profane_puppeteer.mdl
workshop/items/spy/tailored_terminal_model/tailored_terminal_model.mdl
workshop/items/spy/taunt_luxury_lounge/taunt_luxury_lounge.mdl
workshop/items/spy/taunt_spy_boxtrot/taunt_spy_boxtrot.mdl
workshop/items/spy/taunt_the_crypt_creeper/taunt_the_crypt_creeper.mdl
workshop/items/spy/taunt_the_travel_agent/taunt_the_travel_agent.mdl
workshop/items/spy/taunt_tuefort_tango/taunt_tuefort_tango.mdl
workshop/items/taunts/pyro_poolparty/pyro_poolparty.mdl
player/items/engineer/guitar.mdl
player/items/engineer/guitar_gib1.mdl
player/items/engineer/guitar_gib2.mdl
player/items/engineer/guitar_gib3.mdl

//DEMOMAN HATS
workshop_partner/player/items/demo/tw_kingcape/tw_kingcape.mdl
player/items/demo/demo_cap.mdl
player/items/demo/crown.mdl
player/items/demo/demo_sultan_hat.mdl
workshop/player/items/demo/hw2013_manbird_of_aberdeen/hw2013_manbird_of_aberdeen.mdl
workshop/player/items/demo/hwn2023_blastphomet/hwn2023_blastphomet.mdl
player/items/demo/demo_parrot.mdl
workshop/player/items/all_class/dec17_sledders_sidekick/dec17_sledders_sidekick_demo.mdl
workshop/player/items/all_class/hw2013_wandering_soul/hw2013_wandering_soul_demo.mdl
workshop/player/items/all_class/hwn2019_binoculus/hwn2019_binoculus_demo.mdl
workshop/player/items/all_class/bak_arkham_cowl/bak_arkham_cowl_demo.mdl
//ENGINEER HATS
workshop/player/items/engineer/dec18_puggyback/dec18_puggyback.mdl
workshop/player/items/engineer/dec2014_engineer_seal/dec2014_engineer_seal.mdl
workshop/player/items/engineer/fall17_tropical_toad/fall17_tropical_toad.mdl
player/items/engineer/engineer_pocketcat.mdl
player/items/engineer/mad_eye.mdl
workshop/player/items/all_class/dec17_sledders_sidekick/dec17_sledders_sidekick_engineer.mdl
workshop/player/items/all_class/hw2013_wandering_soul/hw2013_wandering_soul_engineer.mdl
workshop/player/items/all_class/hwn2019_binoculus/hwn2019_binoculus_engineer.mdl
workshop/player/items/all_class/sept2014_hillbilly_speedbump/sept2014_hillbilly_speedbump_engineer.mdl
workshop/player/items/all_class/bak_arkham_cowl/bak_arkham_cowl_engineer.mdl
//HEAVY HATS
player/items/heavy/capones_capper.mdl
workshop/player/items/heavy/hw2013_heavy_robin/hw2013_heavy_robin.mdl
workshop/player/items/heavy/hwn2022_mishas_maw/hwn2022_mishas_maw.mdl
workshop/player/items/heavy/hwn2022_mishas_maw_style2/hwn2022_mishas_maw_style2.mdl
workshop/player/items/all_class/dec17_sledders_sidekick/dec17_sledders_sidekick_heavy.mdl
workshop/player/items/all_class/hw2013_wandering_soul/hw2013_wandering_soul_heavy.mdl
workshop/player/items/all_class/hwn2019_binoculus/hwn2019_binoculus_heavy.mdl
workshop/player/items/all_class/bak_arkham_cowl/bak_arkham_cowl_heavy.mdl
//MEDIC HATS
workshop/player/items/medic/hw2013_medicmedes/hw2013_medicmedes.mdl
workshop/player/items/medic/hw2013_second_opinion/hw2013_second_opinion.mdl
workshop/player/items/medic/hwn2021_optic_nerve/hwn2021_optic_nerve.mdl
workshop/player/items/medic/sf14_medic_hundkopf/sf14_medic_hundkopf.mdl
workshop/player/items/all_class/dec17_sledders_sidekick/dec17_sledders_sidekick_medic.mdl		
workshop/player/items/all_class/hwn2019_binoculus/hwn2019_binoculus_medic.mdl
workshop/player/items/all_class/hw2013_wandering_soul/hw2013_wandering_soul_medic.mdl
workshop/player/items/all_class/dec18_harry_villainous/dec18_harry_villainous_medic.mdl
workshop/player/items/all_class/dec18_harry/dec18_harry_medic.mdl
workshop/player/items/all_class/bak_arkham_cowl/bak_arkham_cowl_medic.mdl
//PYRO HATS
workshop_partner/player/items/pyro/tw2_greek_armor/tw2_greek_armor.mdl
workshop_partner/player/items/pyro/scarf_soccer/scarf_soccer.mdl
workshop_partner/player/items/pyro/pyro_rocks/pyro_rocks_spikes.mdl
workshop_partner/player/items/pyro/pyro_rocks/pyro_rocks_mask.mdl
workshop_partner/player/items/pyro/hero_academy_pyro/hero_academy_pyro.mdl
workshop_partner/player/items/all_class/prinny_pouch/prinny_pouch_pyro.mdl
workshop_partner/player/items/all_class/pocket_raiders_isis_style/pocket_raiders_isis_style_pyro.mdl
workshop_partner/player/items/all_class/pocket_raiders_horus_style/pocket_raiders_horus_style_pyro.mdl
workshop_partner/player/items/all_class/pocket_raiders_carter_style/pocket_raiders_carter_style_pyro.mdl
workshop_partner/player/items/all_class/pocket_raiders/pocket_raiders_pyro.mdl
workshop_partner/player/items/all_class/hm_duck/hm_duck_pyro.mdl
workshop_partner/player/items/all_class/brutal_hair/brutal_hair_pyro.mdl
workshop_partner/player/items/all_class/ai_spacehelmet/ai_spacehelmet_pyro.mdl
workshop/player/items/pyro/xms2013_pyro_wood/xms2013_pyro_wood.mdl
workshop/player/items/pyro/xms2013_pyro_sled/xms2013_pyro_sled.mdl
workshop/player/items/pyro/tw_pyrobot_armor/tw_pyrobot_armor.mdl
workshop/player/items/pyro/threea_nabler/threea_nabler.mdl
workshop/player/items/pyro/sum23_soho_sleuth/sum23_soho_sleuth.mdl
workshop/player/items/pyro/sum23_flamewarrior_style2/sum23_flamewarrior_style2.mdl
workshop/player/items/pyro/sum23_flamewarrior_style1/sum23_flamewarrior_style1.mdl
workshop/player/items/pyro/sum22_kazan_karategi/sum22_kazan_karategi.mdl
workshop/player/items/pyro/sum21_water_waders/sum21_water_waders.mdl
workshop/player/items/pyro/sum21_hook_line_cinder/sum21_hook_line_cinder.mdl
workshop/player/items/pyro/sum19_spawn_camper_jacket/sum19_spawn_camper_jacket.mdl
workshop/player/items/pyro/sum19_fiery_phoenix/sum19_fiery_phoenix.mdl
workshop/player/items/pyro/spr18_hot_case/spr18_hot_case.mdl
workshop/player/items/pyro/short2014_wildfire_wrappers/short2014_wildfire_wrappers.mdl
workshop/player/items/pyro/short2014_the_gas_guzzler/short2014_the_gas_guzzler.mdl
workshop/player/items/pyro/short2014_sengoku_scorcher/short2014_sengoku_scorcher.mdl
workshop/player/items/pyro/short2014_fowl_fryer/short2014_fowl_fryer.mdl
workshop/player/items/pyro/sf14_the_creatures_grin/sf14_the_creatures_grin.mdl
workshop/player/items/pyro/sf14_lollichop_licker/sf14_lollichop_licker.mdl
workshop/player/items/pyro/sf14_hw2014_robot_legg/sf14_hw2014_robot_legg.mdl
workshop/player/items/pyro/sf14_hw2014_robot_arm/sf14_hw2014_robot_arm.mdl
workshop/player/items/pyro/sept2014_pyro_radioactive_mask/sept2014_pyro_radioactive_mask.mdl
workshop/player/items/pyro/robo_pyro_pyrobotic_tote/robo_pyro_pyrobotic_tote.mdl
workshop/player/items/pyro/robo_pyro_last_watt/robo_pyro_last_watt.mdl
workshop/player/items/pyro/robo_pyro_figment_filament/robo_pyro_figment_filament.mdl
workshop/player/items/pyro/pyro_sweater/pyro_sweater.mdl
workshop/player/items/pyro/pyro_halloween_gasmask/pyro_halloween_gasmask.mdl
workshop/player/items/pyro/jul13_soot_suit/jul13_soot_suit.mdl
workshop/player/items/pyro/jul13_furious_fryup/jul13_furious_fryup.mdl
workshop/player/items/pyro/jul13_el_muchacho/jul13_el_muchacho.mdl
workshop/player/items/pyro/invasion_the_space_diver/invasion_the_space_diver.mdl
workshop/player/items/pyro/invasion_space_hamster_hammy/invasion_space_hamster_hammy.mdl
workshop/player/items/pyro/invasion_jupiter_jetpack/invasion_jupiter_jetpack.mdl
workshop/player/items/pyro/invasion_a_head_full_of_hot_air/invasion_a_head_full_of_hot_air.mdl
workshop/player/items/pyro/hwn2023_fiercesome_fluorescence_style1/hwn2023_fiercesome_fluorescence_style1.mdl
workshop/player/items/pyro/hwn2023_fiercesome_fluorescence/hwn2023_fiercesome_fluorescence.mdl
workshop/player/items/pyro/hwn2022_magical_mount/hwn2022_magical_mount.mdl
workshop/player/items/pyro/hwn2022_fire_breather/hwn2022_fire_breather.mdl
workshop/player/items/pyro/hwn2021_smiling_somen/hwn2021_smiling_somen.mdl
workshop/player/items/pyro/hwn2020_seared_sorcerer_style2/hwn2020_seared_sorcerer_style2.mdl
workshop/player/items/pyro/hwn2020_seared_sorcerer/hwn2020_seared_sorcerer.mdl
workshop/player/items/pyro/hwn2020_flavorful_baggies/hwn2020_flavorful_baggies.mdl
workshop/player/items/pyro/hwn2020_fire_tooth/hwn2020_fire_tooth.mdl
workshop/player/items/pyro/hwn2019_pyro_shark/hwn2019_pyro_shark.mdl
workshop/player/items/pyro/hwn2019_head_of_the_dead_style2/hwn2019_head_of_the_dead_style2.mdl
workshop/player/items/pyro/hwn2019_head_of_the_dead/hwn2019_head_of_the_dead.mdl
workshop/player/items/pyro/hwn2018_pyro_in_little_chinatown/hwn2018_pyro_in_little_chinatown.mdl
workshop/player/items/pyro/hwn2018_pyro_in_chinatown/hwn2018_pyro_in_chinatown.mdl
workshop/player/items/pyro/hwn2018_mr_quackers/hwn2018_mr_quackers.mdl
workshop/player/items/pyro/hwn2018_arachno_arsonist/hwn2018_arachno_arsonist.mdl
workshop/player/items/pyro/hwn2015_firebug_suit/hwn2015_firebug_suit.mdl
workshop/player/items/pyro/hwn2015_firebug_mask/hwn2015_firebug_mask.mdl
workshop/player/items/pyro/hw2013_tin_can/hw2013_tin_can.mdl
workshop/player/items/pyro/hw2013_the_haha_hairdo/hw2013_the_haha_hairdo.mdl
workshop/player/items/pyro/hw2013_the_glob/hw2013_the_glob.mdl
workshop/player/items/pyro/hw2013_the_creature_from_the_heap/hw2013_the_creature_from_the_heap.mdl
workshop/player/items/pyro/hw2013_the_abhorrent_appendages/hw2013_the_abhorrent_appendages.mdl
workshop/player/items/pyro/hw2013_scorched_skirt/hw2013_scorched_skirt.mdl
workshop/player/items/pyro/hw2013_scorched_skirt/hw2013_scorched_skirt.mdl
workshop/player/items/pyro/hw2013_py40_automaton/hw2013_py40_automaton.mdl
workshop/player/items/pyro/hw2013_maniacs_manacles/hw2013_maniacs_manacles.mdl
workshop/player/items/pyro/hw2013_hardheaded_hardware/hw2013_hardheaded_hardware.mdl
workshop/player/items/pyro/hw2013_dragonbutt/hw2013_dragonbutt.mdl
workshop/player/items/pyro/hw2013_dragon_shoes/hw2013_dragon_shoes.mdl
workshop/player/items/pyro/hw2013_dragon_hood/hw2013_dragon_hood.mdl
workshop/player/items/pyro/hw2013_dark_orchestra/hw2013_dark_orchestra.mdl
workshop/player/items/pyro/hw2013_carrion_cohort/hw2013_carrion_cohort.mdl
workshop/player/items/pyro/hw2013_beast_from_below/hw2013_beast_from_below.mdl
workshop/player/items/pyro/hw2013_per_eye_scopes/hw2013_per_eye_scopes.mdl
workshop/player/items/pyro/hazeguard/hazeguard.mdl
workshop/player/items/pyro/ghost_aspect/ghost_aspect.mdl
workshop/player/items/pyro/fall2013_the_insidious_incinerator/fall2013_the_insidious_incinerator.mdl
workshop/player/items/pyro/fall17_hot_huaraches/fall17_hot_huaraches.mdl
workshop/player/items/pyro/fall17_firemanns_essentials/fall17_firemanns_essentials.mdl
workshop/player/items/pyro/fall17_deitys_dress/fall17_deitys_dress.mdl
workshop/player/items/pyro/dec22_partizan/dec22_partizan.mdl
workshop/player/items/pyro/dec22_firebrand/dec22_firebrand.mdl
workshop/player/items/pyro/dec21_elf_ignition_style1/dec21_elf_ignition_style1.mdl
workshop/player/items/pyro/dec21_elf_ignition/dec21_elf_ignition.mdl
workshop/player/items/pyro/dec2014_torchers_tabard/dec2014_torchers_tabard.mdl
workshop/player/items/pyro/dec2014_pyromancers_raiments/dec2014_pyromancers_raiments.mdl
workshop/player/items/pyro/dec2014_armoured_appendages/dec2014_armoured_appendages.mdl
workshop/player/items/pyro/dec18_pocket_pardner_style/dec18_pocket_pardner_style.mdl
workshop/player/items/pyro/dec18_pocket_pardner/dec18_pocket_pardner.mdl
workshop/player/items/pyro/dec17_cats_pajamas/dec17_cats_pajamas.mdl
workshop/player/items/pyro/dec16_smissmas_sweater/dec16_smissmas_sweater.mdl
workshop/player/items/pyro/dec16_pyro_the_flamedeer/dec16_pyro_the_flamedeer.mdl
workshop/player/items/pyro/dec16_flammable_favor/dec16_flammable_favor.mdl
workshop/player/items/pyro/bak_firefly/bak_firefly.mdl
workshop/player/items/engineer/pocket_protector/pocket_protector.mdl
workshop/player/items/all_class/xms2013_jacket/xms2013_jacket_pyro.mdl
workshop/player/items/all_class/xms2013_arctic_suit/xms2013_arctic_suit_pyro.mdl
workshop/player/items/all_class/xmas2013_jacket_s2/xmas2013_jacket_s2_pyro.mdl
workshop/player/items/all_class/sum21_manndatory_attire_style3/sum21_manndatory_attire_style3_pyro.mdl
workshop/player/items/all_class/sum21_manndatory_attire_style2/sum21_manndatory_attire_style2_pyro.mdl
workshop/player/items/all_class/sum21_manndatory_attire_style1/sum21_manndatory_attire_style1_pyro.mdl
workshop/player/items/all_class/sum20_loaf_loafers_style2/sum20_loaf_loafers_style2_pyro.mdl
workshop/player/items/all_class/sum20_loaf_loafers_style1/sum20_loaf_loafers_style1_pyro.mdl
workshop/player/items/all_class/sum19_staplers_specs/sum19_staplers_specs_pyro.mdl
workshop/player/items/all_class/spr18_robin_walkers/spr18_robin_walkers_pyro.mdl
workshop/player/items/all_class/short2014_vintage_director/short2014_vintage_director_pyro.mdl
workshop/player/items/all_class/sbox2014_zipper_suit/sbox2014_zipper_suit_pyro.mdl
workshop/player/items/all_class/pyro_hazmat_4/pyro_hazmat_4_pyro.mdl
workshop/player/items/all_class/pyro_hazmat_3/pyro_hazmat_3_pyro.mdl
workshop/player/items/all_class/pyro_hazmat_2/pyro_hazmat_2_pyro.mdl
workshop/player/items/all_class/pyro_hazmat/pyro_hazmat_pyro.mdl
workshop/player/items/all_class/jogon/jogon_pyro.mdl
workshop/player/items/all_class/hwn_spy_priest/hwn_spy_priest_pyro.mdl
workshop/player/items/all_class/hwn2021_twisted_topper/hwn2021_twisted_topper_pyro.mdl
workshop/player/items/all_class/hwn2021_tricksters_treats_style2/hwn2021_tricksters_treats_style2_pyro.mdl
workshop/player/items/all_class/hwn2021_tricksters_treats/hwn2021_tricksters_treats_pyro.mdl
workshop/player/items/all_class/hwn2021_creepy_crawlies_style2/hwn2021_creepy_crawlies_style2_pyro.mdl
workshop/player/items/all_class/hwn2021_creepy_crawlies/hwn2021_creepy_crawlies_pyro.mdl
workshop/player/items/all_class/hwn2020_boom_boxers/hwn2020_boom_boxers_pyro.mdl
workshop/player/items/all_class/hwn2019_binoculus/hwn2019_binoculus_pyro.mdl
workshop/player/items/all_class/hwn2019_pocket_skeleton_king/hwn2019_pocket_skeleton_king_pyro.mdl
workshop/player/items/all_class/hwn2019_pocket_monoculus/hwn2019_pocket_monoculus_pyro.mdl
workshop/player/items/all_class/hwn2019_pocket_merasmus/hwn2019_pocket_merasmus_pyro.mdl
workshop/player/items/all_class/hwn2019_pocket_ghost/hwn2019_pocket_ghost_pyro.mdl
workshop/player/items/all_class/hwn2018_terror_antula/hwn2018_terror_antula_pyro.mdl
workshop/player/items/all_class/hwn2015_grim_tweeter/hwn2015_grim_tweeter_pyro.mdl
workshop/player/items/all_class/hwn2015_dino_hoodie/hwn2015_dino_hoodie_pyro.mdl
workshop/player/items/all_class/hwn2015_catastrophic_companions/hwn2015_catastrophic_companions_pyro.mdl
workshop/player/items/all_class/hw2013_wandering_soul/hw2013_wandering_soul_pyro.mdl
workshop/player/items/all_class/hw2013_volatile_voodoo/hw2013_volatile_voodoo_pyro.mdl
workshop/player/items/all_class/hw2013_the_magical_mercenary/hw2013_the_magical_mercenary_pyro.mdl
workshop/player/items/all_class/hw2013_kindlin_candles/hw2013_kindlin_candles_pyro.mdl
workshop/player/items/all_class/hw2013_allclass_horseman/hw2013_allclass_horseman_pyro.mdl
workshop/player/items/all_class/hw2013_all_skull_necklace/hw2013_all_skull_necklace_pyro.mdl
workshop/player/items/all_class/hiphunter_boots/hiphunter_boots_pyro.mdl
workshop/player/items/all_class/fall2013_beep_boy/fall2013_beep_boy_pyro.mdl
workshop/player/items/all_class/fall17_slithering_scarf/fall17_slithering_scarf_pyro.mdl
workshop/player/items/all_class/fall17_quizzical_quetzal/fall17_quizzical_quetzal_pyro.mdl
workshop/player/items/all_class/fall17_pocket_saxton/fall17_pocket_saxton_pyro.mdl
workshop/player/items/all_class/fall17_croaking_hazard/fall17_croaking_hazard_pyro.mdl
workshop/player/items/all_class/fall17_bananades/fall17_bananades_pyro.mdl
workshop/player/items/all_class/dec22_battle_bear_style2/dec22_battle_bear_style2_pyro.mdl
workshop/player/items/all_class/dec22_battle_bear_style1/dec22_battle_bear_style1_pyro.mdl
workshop/player/items/all_class/dec21_ominous_offering/dec21_ominous_offering_pyro.mdl
workshop/player/items/all_class/dec19_winter_wrap_up/dec19_winter_wrap_up_pyro.mdl
workshop/player/items/all_class/dec19_pebbles_the_penguin/dec19_pebbles_the_penguin_pyro.mdl
workshop/player/items/all_class/dec19_glittering_garland/dec19_glittering_garland_pyro.mdl
workshop/player/items/all_class/dec19_gingerbread_mann_s2/dec19_gingerbread_mann_s2_pyro.mdl
workshop/player/items/all_class/dec19_gingerbread_mann_s1/dec19_gingerbread_mann_s1_pyro.mdl
workshop/player/items/all_class/dec18_polar_pal_liberty/dec18_polar_pal_liberty_pyro.mdl
workshop/player/items/all_class/dec18_polar_pal_bamboo/dec18_polar_pal_bamboo_pyro.mdl
workshop/player/items/all_class/dec18_polar_pal/dec18_polar_pal_pyro.mdl
workshop/player/items/all_class/dec18_pocket_admin/dec18_pocket_admin_pyro.mdl
workshop/player/items/all_class/dec18_bread_heads/dec18_bread_heads_pyro.mdl
workshop/player/items/all_class/dec17_pocket_yeti/dec17_pocket_yeti_pyro.mdl
workshop/player/items/all_class/dec17_sledders_sidekick/dec17_sledders_sidekick_pyro.mdl
workshop/player/items/all_class/dec17_pocket_santa/dec17_pocket_santa_pyro.mdl
workshop/player/items/all_class/dec17_balloonihoodie/dec17_balloonihoodie_pyro.mdl
workshop/player/items/all_class/dec16_stocking/dec16_stocking_pyro.mdl
workshop/player/items/all_class/dec16_handy_canes/dec16_handy_canes_pyro.mdl
workshop/player/items/all_class/brotherhood_2/brotherhood_2_pyro.mdl
workshop/player/items/all_class/bak_pocket_villians/bak_pocket_villians_pyro.mdl
workshop/player/items/all_class/bak_buttler/bak_buttler_pyro.mdl
workshop/player/items/all_class/bak_batbelt/bak_batbelt_pyro.mdl
workshop/player/items/all_class/bak_batarm/bak_batarm_pyro.mdl
workshop/player/items/all_class/angsty_hood/angsty_hood_pyro.mdl
workshop/player/items/all_class/ai_spacehelmet/ai_spacehelmet_pyro.mdl
player/items/soldier/xms_pyro_ornaments.mdl
player/items/pyro/xms_pyro_parka.mdl
player/items/pyro/xms_pyro_bells.mdl
player/items/pyro/xms_backpack_snowglobe.mdl
player/items/pyro/winter_pyro_mask.mdl
player/items/pyro/shootmanyrobots_pyro.mdl
player/items/pyro/pyro_tripwire_tie.mdl
player/items/pyro/pyro_pyromancers_mask.mdl
player/items/pyro/pyro_monocle.mdl
player/items/pyro/pyro_fireworksbag.mdl
player/items/pyro/pyro_brainsucker.mdl
player/items/pyro/mtp_bongos.mdl
player/items/pyro/mtp_bongos.mdl
player/items/pyro/mtp_backpack.mdl
player/items/pyro/hwn_pyro_spookyhood.mdl
player/items/pyro/hwn_pyro_misc2.mdl
player/items/pyro/hwn_pyro_misc1.mdl
player/items/pyro/hotties_hoodie.mdl
player/items/pyro/fwk_pyro_conscience.mdl
player/items/pyro/drg_pyro_fueltank.mdl
player/items/pyro/boot_hat.mdl
player/items/pyro/awes_jetpack.mdl
player/items/pyro/attendant.mdl
player/items/mvm_loot/pyro/pyrobo_backpack.mdl
player/items/all_class/tuxxy_pyro.mdl
player/items/all_class/tomb_pick_pyro.mdl
player/items/all_class/ring_pyro.mdl
player/items/all_class/qc_flask_pyro.mdl
player/items/all_class/pyro_grenade_skulls.mdl
player/items/all_class/pumpkin_lantern_pyro.mdl
player/items/all_class/mtp_bottle_pyro.mdl
player/items/all_class/hwn_pet_ghost_pyro.mdl
player/items/all_class/flair_pyro.mdl
player/items/all_class/executionerhood_pyro.mdl
player/items/all_class/all_winter_scarf_pyro.mdl
workshop/player/items/all_class/bak_arkham_cowl/bak_arkham_cowl_pyro.mdl
//SCOUT HATS
workshop/player/items/scout/bonk_mask/bonk_mask.mdl
workshop/player/items/scout/hwn2021_batters_beak/hwn2021_batters_beak.mdl
workshop/player/items/scout/hwn2021_corpse_carrier/hwn2021_corpse_carrier.mdl
workshop/player/items/all_class/hw2013_wandering_soul/hw2013_wandering_soul_scout.mdl
workshop/player/items/all_class/dec17_sledders_sidekick/dec17_sledders_sidekick_scout.mdl
workshop/player/items/all_class/hwn2019_binoculus/hwn2019_binoculus_scout.mdl
workshop/player/items/all_class/bak_arkham_cowl/bak_arkham_cowl_scout.mdl
//SNIPER HATS
player/items/sniper/desert_marauder.mdl
workshop/player/items/sniper/fall2013_lil_snaggletooth/fall2013_lil_snaggletooth.mdl
workshop/player/items/sniper/hw2013_sir_shootsalot/hw2013_sir_shootsalot.mdl
workshop/player/items/sniper/hwn2018_crocodile_mun_dee/hwn2018_crocodile_mun_dee.mdl
workshop/player/items/sniper/sf14_conspiratorial_cut/sf14_conspiratorial_cut.mdl
workshop/player/items/sniper/sf14_marsupial_muzzle/sf14_marsupial_muzzle.mdl
workshop/player/items/all_class/sept2014_hillbilly_speedbump/sept2014_hillbilly_speedbump_sniper.mdl
workshop/player/items/all_class/dec17_sledders_sidekick/dec17_sledders_sidekick_sniper.mdl
workshop/player/items/all_class/hw2013_wandering_soul/hw2013_wandering_soul_sniper.mdl
workshop/player/items/all_class/hwn2019_binoculus/hwn2019_binoculus_sniper.mdl
workshop/player/items/all_class/bak_arkham_cowl/bak_arkham_cowl_sniper.mdl
//SOLDIER HATS
player/items/soldier/armored_authority.mdl
player/items/soldier/fdu.mdl
player/items/soldier/soldier_jeepcap.mdl
workshop/player/items/soldier/hw2013_feathered_freedom/hw2013_feathered_freedom.mdl
workshop/player/items/soldier/spr18_private_maggot_muncher/spr18_private_maggot_muncher.mdl
workshop/player/items/all_class/hw2013_wandering_soul/hw2013_wandering_soul_soldier.mdl
workshop/player/items/all_class/dec17_sledders_sidekick/dec17_sledders_sidekick_soldier.mdl
workshop/player/items/all_class/hwn2019_binoculus/hwn2019_binoculus_soldier.mdl
workshop/player/items/soldier/bak_caped_crusader/bak_caped_crusader.mdl
workshop/player/items/all_class/bak_arkham_cowl/bak_arkham_cowl_soldier.mdl
//SPY HATS
player/items/spy/bowtie.mdl
player/items/spy/hwn_spy_misc2.mdl
player/items/spy/spy_gang_cap.mdl
player/items/spy/spy_openjacket.mdl
player/items/spy/spy_rose.mdl
player/items/spy/spy_winterjacket.mdl
player/items/spy/tneck.mdl
workshop/player/items/all_class/hwn_spy_priest/hwn_spy_priest_spy.mdl
workshop/player/items/spy/fall2013_escapist/fall2013_escapist.mdl
workshop/player/items/spy/jul13_blood_banker/jul13_blood_banker.mdl
workshop/player/items/spy/jul13_classy_royale/jul13_classy_royale.mdl
workshop_partner/player/items/all_class/sd_shirt/sd_shirt_spy.mdl
workshop_partner/player/items/spy/tw_coat/tw_coat_spy.mdl
workshop_partner/player/items/spy/tw_coat/tw_coat_spy_necktie.mdl
workshop/player/items/spy/hwn2019_avian_amante/hwn2019_avian_amante.mdl
workshop/player/items/all_class/dec17_sledders_sidekick/dec17_sledders_sidekick_spy.mdl
workshop/player/items/all_class/dec18_harry/dec18_harry_spy.mdl
workshop/player/items/all_class/dec18_harry_villainous/dec18_harry_villainous_spy.mdl
workshop/player/items/all_class/hw2013_wandering_soul/hw2013_wandering_soul_spy.mdl
workshop/player/items/all_class/hwn2019_binoculus/hwn2019_binoculus_spy.mdl
workshop/player/items/all_class/bak_arkham_cowl/bak_arkham_cowl_spy.mdl